,id,type,afinnScore
0,0sad,sad,0.0
1,1sad,sad,-7.0
2,2sad,sad,2.0
3,3sad,sad,-9.0
4,4sad,sad,-2.0
5,5sad,sad,-5.0
6,6sad,sad,21.0
7,7sad,sad,18.0
8,9sad,sad,-7.0
9,10sad,sad,-25.0
10,11sad,sad,-20.0
11,12sad,sad,-5.0
12,13sad,sad,-5.0
13,14sad,sad,1.0
14,15sad,sad,-7.0
15,16sad,sad,-1.0
16,17sad,sad,-11.0
17,18sad,sad,-2.0
18,19sad,sad,-3.0
19,20sad,sad,4.0
20,21sad,sad,-23.0
21,22sad,sad,-31.0
22,23sad,sad,-8.0
23,24sad,sad,-17.0
24,25sad,sad,-9.0
25,26sad,sad,-27.0
26,27sad,sad,-11.0
27,28sad,sad,32.0
28,29sad,sad,-2.0
29,30sad,sad,6.0
30,31sad,sad,-5.0
31,32sad,sad,8.0
32,33sad,sad,-12.0
33,34sad,sad,-10.0
34,35sad,sad,9.0
35,36sad,sad,-10.0
36,37sad,sad,0.0
37,38sad,sad,-44.0
38,39sad,sad,-20.0
39,40sad,sad,31.0
40,41sad,sad,-9.0
41,42sad,sad,-16.0
42,43sad,sad,-21.0
43,44sad,sad,-18.0
44,45sad,sad,11.0
45,46sad,sad,9.0
46,48sad,sad,3.0
47,49sad,sad,4.0
48,50sad,sad,-15.0
49,51sad,sad,-17.0
50,52sad,sad,-13.0
51,53sad,sad,0.0
52,54sad,sad,-1.0
53,55sad,sad,2.0
54,56sad,sad,-37.0
55,57sad,sad,-14.0
56,58sad,sad,17.0
57,59sad,sad,13.0
58,60sad,sad,-19.0
59,61sad,sad,-24.0
60,62sad,sad,-11.0
61,63sad,sad,-9.0
62,64sad,sad,-52.0
63,65sad,sad,-31.0
64,66sad,sad,-6.0
65,67sad,sad,12.0
66,68sad,sad,-4.0
67,69sad,sad,14.0
68,70sad,sad,-19.0
69,71sad,sad,-5.0
70,72sad,sad,-12.0
71,73sad,sad,-22.0
72,74sad,sad,-34.0
73,75sad,sad,4.0
74,77sad,sad,-20.0
75,78sad,sad,-10.0
76,79sad,sad,-1.0
77,80sad,sad,-8.0
78,81sad,sad,-26.0
79,82sad,sad,-23.0
80,83sad,sad,-22.0
81,84sad,sad,-23.0
82,85sad,sad,18.0
83,86sad,sad,-7.0
84,87sad,sad,0.0
85,88sad,sad,-23.0
86,89sad,sad,0.0
87,90sad,sad,-8.0
88,91sad,sad,-20.0
89,92sad,sad,-45.0
90,93sad,sad,-19.0
91,94sad,sad,-9.0
92,95sad,sad,-25.0
93,96sad,sad,0.0
94,97sad,sad,12.0
95,98sad,sad,-8.0
96,99sad,sad,0.0
97,100sad,sad,7.0
98,102sad,sad,3.0
99,103sad,sad,-1.0
100,104sad,sad,-15.0
101,105sad,sad,1.0
102,106sad,sad,-5.0
103,107sad,sad,-12.0
104,108sad,sad,-12.0
105,109sad,sad,-17.0
106,110sad,sad,-13.0
107,111sad,sad,-9.0
108,112sad,sad,-13.0
109,113sad,sad,-16.0
110,114sad,sad,-27.0
111,115sad,sad,-8.0
112,116sad,sad,-18.0
113,117sad,sad,7.0
114,118sad,sad,-1.0
115,119sad,sad,0.0
116,120sad,sad,-8.0
117,121sad,sad,-13.0
118,122sad,sad,2.0
119,123sad,sad,-10.0
120,124sad,sad,-5.0
121,125sad,sad,-3.0
122,126sad,sad,1.0
123,127sad,sad,-12.0
124,128sad,sad,-20.0
125,129sad,sad,23.0
126,130sad,sad,-27.0
127,131sad,sad,2.0
128,132sad,sad,0.0
129,133sad,sad,-42.0
130,134sad,sad,-2.0
131,135sad,sad,-19.0
132,136sad,sad,-33.0
133,137sad,sad,0.0
134,138sad,sad,3.0
135,139sad,sad,-37.0
136,140sad,sad,-13.0
137,141sad,sad,-31.0
138,142sad,sad,-11.0
139,143sad,sad,-27.0
140,144sad,sad,4.0
141,145sad,sad,-9.0
142,146sad,sad,-8.0
143,147sad,sad,3.0
144,148sad,sad,-19.0
145,149sad,sad,6.0
146,150sad,sad,-19.0
147,151sad,sad,-2.0
148,152sad,sad,-8.0
149,153sad,sad,-24.0
150,154sad,sad,0.0
151,155sad,sad,-9.0
152,156sad,sad,4.0
153,157sad,sad,6.0
154,158sad,sad,-7.0
155,159sad,sad,-8.0
156,160sad,sad,-5.0
157,161sad,sad,-8.0
158,162sad,sad,0.0
159,163sad,sad,-49.0
160,164sad,sad,-4.0
161,165sad,sad,-1.0
162,166sad,sad,-133.0
163,167sad,sad,2.0
164,168sad,sad,-4.0
165,169sad,sad,-28.0
166,170sad,sad,-6.0
167,172sad,sad,4.0
168,173sad,sad,-44.0
169,174sad,sad,-69.0
170,175sad,sad,-6.0
171,176sad,sad,-28.0
172,177sad,sad,-15.0
173,178sad,sad,-23.0
174,179sad,sad,5.0
175,180sad,sad,-14.0
176,181sad,sad,-12.0
177,182sad,sad,1.0
178,183sad,sad,-18.0
179,184sad,sad,-3.0
180,185sad,sad,-18.0
181,186sad,sad,-1.0
182,187sad,sad,5.0
183,188sad,sad,-28.0
184,189sad,sad,-34.0
185,190sad,sad,0.0
186,191sad,sad,-51.0
187,192sad,sad,-13.0
188,193sad,sad,-4.0
189,194sad,sad,0.0
190,195sad,sad,1.0
191,196sad,sad,2.0
192,197sad,sad,1.0
193,198sad,sad,-33.0
194,199sad,sad,-9.0
195,200sad,sad,16.0
196,201sad,sad,-18.0
197,202sad,sad,-10.0
198,203sad,sad,-12.0
199,204sad,sad,-5.0
200,205sad,sad,11.0
201,206sad,sad,-12.0
202,207sad,sad,4.0
203,208sad,sad,2.0
204,209sad,sad,-15.0
205,210sad,sad,-28.0
206,211sad,sad,-70.0
207,212sad,sad,-8.0
208,213sad,sad,-9.0
209,214sad,sad,-9.0
210,215sad,sad,-17.0
211,216sad,sad,-12.0
212,217sad,sad,-2.0
213,218sad,sad,-25.0
214,219sad,sad,-46.0
215,220sad,sad,-46.0
216,221sad,sad,0.0
217,222sad,sad,-15.0
218,223sad,sad,3.0
219,224sad,sad,-12.0
220,225sad,sad,3.0
221,226sad,sad,1.0
222,227sad,sad,7.0
223,228sad,sad,-20.0
224,229sad,sad,7.0
225,230sad,sad,6.0
226,231sad,sad,-1.0
227,232sad,sad,16.0
228,233sad,sad,6.0
229,234sad,sad,-1.0
230,235sad,sad,-23.0
231,236sad,sad,1.0
232,237sad,sad,-27.0
233,238sad,sad,-7.0
234,239sad,sad,-1.0
235,240sad,sad,-39.0
236,241sad,sad,-4.0
237,242sad,sad,-5.0
238,243sad,sad,-46.0
239,244sad,sad,-17.0
240,245sad,sad,-20.0
241,246sad,sad,0.0
242,247sad,sad,-18.0
243,248sad,sad,7.0
244,249sad,sad,-8.0
245,250sad,sad,-59.0
246,251sad,sad,35.0
247,252sad,sad,28.0
248,253sad,sad,-23.0
249,254sad,sad,-18.0
250,255sad,sad,-17.0
251,256sad,sad,3.0
252,257sad,sad,-3.0
253,258sad,sad,-2.0
254,259sad,sad,-2.0
255,260sad,sad,5.0
256,261sad,sad,-2.0
257,262sad,sad,-21.0
258,263sad,sad,-34.0
259,264sad,sad,-3.0
260,265sad,sad,-1.0
261,266sad,sad,7.0
262,267sad,sad,1.0
263,268sad,sad,-16.0
264,269sad,sad,0.0
265,270sad,sad,-47.0
266,271sad,sad,6.0
267,272sad,sad,-1.0
268,273sad,sad,16.0
269,274sad,sad,-8.0
270,275sad,sad,-28.0
271,0happy,happy,14.0
272,1happy,happy,1.0
273,2happy,happy,2.0
274,3happy,happy,-4.0
275,4happy,happy,4.0
276,5happy,happy,2.0
277,6happy,happy,-4.0
278,7happy,happy,6.0
279,8happy,happy,-5.0
280,9happy,happy,3.0
281,10happy,happy,-3.0
282,11happy,happy,11.0
283,12happy,happy,-2.0
284,13happy,happy,-6.0
285,14happy,happy,11.0
286,15happy,happy,10.0
287,16happy,happy,9.0
288,17happy,happy,23.0
289,18happy,happy,20.0
290,19happy,happy,7.0
291,20happy,happy,11.0
292,21happy,happy,9.0
293,22happy,happy,5.0
294,23happy,happy,4.0
295,24happy,happy,0.0
296,25happy,happy,10.0
297,26happy,happy,3.0
298,27happy,happy,1.0
299,28happy,happy,4.0
300,29happy,happy,8.0
301,30happy,happy,45.0
302,31happy,happy,7.0
303,32happy,happy,12.0
304,33happy,happy,0.0
305,34happy,happy,11.0
306,35happy,happy,7.0
307,36happy,happy,13.0
308,37happy,happy,1.0
309,38happy,happy,88.0
310,39happy,happy,22.0
311,40happy,happy,0.0
312,41happy,happy,14.0
313,42happy,happy,0.0
314,43happy,happy,7.0
315,44happy,happy,27.0
316,45happy,happy,3.0
317,46happy,happy,-12.0
318,47happy,happy,14.0
319,48happy,happy,12.0
320,49happy,happy,5.0
321,50happy,happy,33.0
322,51happy,happy,-16.0
323,52happy,happy,7.0
324,53happy,happy,5.0
325,54happy,happy,9.0
326,55happy,happy,9.0
327,56happy,happy,17.0
328,57happy,happy,5.0
329,58happy,happy,3.0
330,59happy,happy,3.0
331,60happy,happy,12.0
332,61happy,happy,-1.0
333,62happy,happy,3.0
334,63happy,happy,21.0
335,64happy,happy,16.0
336,65happy,happy,13.0
337,66happy,happy,17.0
338,67happy,happy,-7.0
339,68happy,happy,8.0
340,69happy,happy,3.0
341,70happy,happy,6.0
342,71happy,happy,31.0
343,72happy,happy,-13.0
344,73happy,happy,-16.0
345,74happy,happy,14.0
346,75happy,happy,7.0
347,76happy,happy,17.0
348,77happy,happy,8.0
349,78happy,happy,4.0
350,79happy,happy,38.0
351,80happy,happy,-13.0
352,81happy,happy,-2.0
353,82happy,happy,5.0
354,83happy,happy,14.0
355,84happy,happy,-4.0
356,85happy,happy,26.0
357,86happy,happy,13.0
358,87happy,happy,29.0
359,88happy,happy,11.0
360,89happy,happy,24.0
361,90happy,happy,0.0
362,91happy,happy,13.0
363,92happy,happy,-1.0
364,93happy,happy,-37.0
365,94happy,happy,8.0
366,95happy,happy,29.0
367,96happy,happy,36.0
368,97happy,happy,24.0
369,98happy,happy,11.0
370,99happy,happy,22.0
371,100happy,happy,1.0
372,101happy,happy,15.0
373,102happy,happy,-10.0
374,103happy,happy,-10.0
375,104happy,happy,26.0
376,105happy,happy,23.0
377,106happy,happy,43.0
378,107happy,happy,10.0
379,108happy,happy,0.0
380,109happy,happy,-3.0
381,110happy,happy,1.0
382,111happy,happy,8.0
383,112happy,happy,13.0
384,113happy,happy,-3.0
385,114happy,happy,2.0
386,115happy,happy,5.0
387,116happy,happy,4.0
388,117happy,happy,26.0
389,118happy,happy,12.0
390,119happy,happy,-2.0
391,120happy,happy,-2.0
392,121happy,happy,7.0
393,122happy,happy,3.0
394,123happy,happy,1.0
395,124happy,happy,-12.0
396,125happy,happy,5.0
397,126happy,happy,-1.0
398,127happy,happy,3.0
399,128happy,happy,52.0
400,129happy,happy,-1.0
401,130happy,happy,7.0
402,131happy,happy,19.0
403,132happy,happy,8.0
404,133happy,happy,12.0
405,134happy,happy,18.0
406,135happy,happy,-6.0
407,136happy,happy,14.0
408,137happy,happy,10.0
409,138happy,happy,8.0
410,139happy,happy,3.0
411,140happy,happy,30.0
412,141happy,happy,5.0
413,142happy,happy,4.0
414,143happy,happy,11.0
415,144happy,happy,15.0
416,145happy,happy,0.0
417,146happy,happy,14.0
418,147happy,happy,7.0
419,148happy,happy,10.0
420,149happy,happy,1.0
421,150happy,happy,7.0
422,151happy,happy,-21.0
423,152happy,happy,28.0
424,153happy,happy,-22.0
425,154happy,happy,14.0
426,155happy,happy,11.0
427,156happy,happy,7.0
428,157happy,happy,0.0
429,158happy,happy,0.0
430,159happy,happy,4.0
431,160happy,happy,28.0
432,161happy,happy,16.0
433,162happy,happy,3.0
434,163happy,happy,1.0
435,164happy,happy,42.0
436,165happy,happy,48.0
437,166happy,happy,-4.0
438,167happy,happy,4.0
439,168happy,happy,13.0
440,169happy,happy,2.0
441,170happy,happy,-12.0
442,171happy,happy,-3.0
443,172happy,happy,12.0
444,173happy,happy,4.0
445,174happy,happy,17.0
446,175happy,happy,16.0
447,176happy,happy,-1.0
448,177happy,happy,15.0
449,178happy,happy,-5.0
450,179happy,happy,4.0
451,180happy,happy,52.0
452,181happy,happy,6.0
453,182happy,happy,11.0
454,183happy,happy,25.0
455,184happy,happy,7.0
456,185happy,happy,11.0
457,186happy,happy,26.0
458,187happy,happy,0.0
459,188happy,happy,14.0
460,189happy,happy,2.0
461,190happy,happy,1.0
462,191happy,happy,17.0
463,192happy,happy,-2.0
464,193happy,happy,61.0
465,194happy,happy,7.0
466,195happy,happy,49.0
467,196happy,happy,13.0
468,197happy,happy,34.0
469,198happy,happy,3.0
470,199happy,happy,5.0
471,200happy,happy,7.0
472,201happy,happy,2.0
473,202happy,happy,2.0
474,203happy,happy,8.0
475,204happy,happy,5.0
476,205happy,happy,22.0
477,206happy,happy,7.0
478,207happy,happy,5.0
479,208happy,happy,7.0
480,209happy,happy,32.0
481,210happy,happy,13.0
482,211happy,happy,8.0
483,212happy,happy,14.0
484,213happy,happy,4.0
485,214happy,happy,2.0
486,215happy,happy,9.0
487,216happy,happy,-21.0
488,217happy,happy,12.0
489,218happy,happy,-25.0
490,219happy,happy,23.0
491,220happy,happy,-2.0
492,221happy,happy,-1.0
493,222happy,happy,13.0
494,223happy,happy,-3.0
495,224happy,happy,10.0
496,225happy,happy,3.0
497,226happy,happy,-27.0
498,227happy,happy,2.0
499,228happy,happy,15.0
500,229happy,happy,66.0
501,230happy,happy,6.0
502,231happy,happy,46.0
503,232happy,happy,7.0
504,233happy,happy,20.0
505,234happy,happy,36.0
506,235happy,happy,11.0
507,236happy,happy,24.0
508,237happy,happy,38.0
509,238happy,happy,37.0
510,239happy,happy,7.0
511,240happy,happy,10.0
512,241happy,happy,-2.0
513,242happy,happy,-11.0
514,243happy,happy,51.0
515,244happy,happy,41.0
516,245happy,happy,17.0
517,246happy,happy,0.0
518,247happy,happy,7.0
519,248happy,happy,13.0
520,249happy,happy,13.0
521,250happy,happy,-10.0
522,251happy,happy,12.0
523,252happy,happy,-13.0
524,253happy,happy,15.0
525,254happy,happy,3.0
526,255happy,happy,4.0
527,256happy,happy,23.0
528,257happy,happy,3.0
529,258happy,happy,6.0
530,259happy,happy,3.0
531,260happy,happy,5.0
532,261happy,happy,25.0
533,262happy,happy,7.0
534,263happy,happy,12.0
535,264happy,happy,-5.0
536,265happy,happy,22.0
537,266happy,happy,7.0
538,267happy,happy,6.0
539,268happy,happy,2.0
540,269happy,happy,17.0
541,270happy,happy,12.0
542,271happy,happy,3.0
543,272happy,happy,3.0
544,273happy,happy,3.0
545,274happy,happy,5.0
546,275happy,happy,-11.0
