,id,type,afinnScore,rating
0,0sad,sad,0.0,-1.0
1,1sad,sad,-7.0,-2.0
2,2sad,sad,2.0,-1.0
3,3sad,sad,-9.0,-1.0
4,4sad,sad,-2.0,-2.0
5,5sad,sad,-5.0,-1.0
6,6sad,sad,21.0,0.0
7,7sad,sad,18.0,-1.0
8,9sad,sad,-7.0,-3.0
9,10sad,sad,-25.0,-2.0
10,11sad,sad,-20.0,-1.0
11,12sad,sad,-5.0,-2.0
12,13sad,sad,-5.0,-1.0
13,14sad,sad,1.0,-2.0
14,15sad,sad,-7.0,-2.0
15,16sad,sad,-1.0,-3.0
16,17sad,sad,-11.0,-3.0
17,18sad,sad,-2.0,0.0
18,19sad,sad,-3.0,-3.0
19,20sad,sad,2.0,-1.0
20,21sad,sad,-23.0,-2.0
21,22sad,sad,-31.0,-3.0
22,23sad,sad,-1.0,-3.0
23,24sad,sad,-15.0,-2.0
24,25sad,sad,-9.0,-2.0
25,26sad,sad,-27.0,-2.0
26,27sad,sad,-10.0,-3.0
27,28sad,sad,32.0,-2.0
28,29sad,sad,-2.0,-1.0
29,30sad,sad,6.0,-2.0
30,31sad,sad,0.0,-2.0
31,32sad,sad,8.0,-2.0
32,33sad,sad,-12.0,-2.0
33,34sad,sad,-8.0,-1.0
34,35sad,sad,9.0,-2.0
35,36sad,sad,-10.0,-3.0
36,37sad,sad,0.0,-3.0
37,38sad,sad,-44.0,-2.0
38,39sad,sad,-20.0,-2.0
39,40sad,sad,31.0,-2.0
40,41sad,sad,-9.0,-2.0
41,42sad,sad,-12.0,-2.0
42,43sad,sad,-25.0,-2.0
43,44sad,sad,-19.0,-2.0
44,45sad,sad,11.0,-1.0
45,46sad,sad,9.0,-3.0
46,48sad,sad,3.0,-3.0
47,49sad,sad,4.0,-1.0
48,50sad,sad,-15.0,-2.0
49,51sad,sad,-17.0,-2.0
50,52sad,sad,-13.0,-3.0
51,53sad,sad,0.0,-2.0
52,54sad,sad,-1.0,-1.0
53,55sad,sad,2.0,-1.0
54,56sad,sad,-37.0,-3.0
55,57sad,sad,-14.0,-2.0
56,58sad,sad,17.0,-1.0
57,59sad,sad,13.0,-1.0
58,60sad,sad,-19.0,-2.0
59,61sad,sad,-24.0,-3.0
60,62sad,sad,-11.0,-1.0
61,63sad,sad,-9.0,-3.0
62,64sad,sad,-52.0,-3.0
63,65sad,sad,-31.0,-1.0
64,66sad,sad,-6.0,-2.0
65,67sad,sad,12.0,-2.0
66,68sad,sad,-4.0,-2.0
67,69sad,sad,14.0,-1.0
68,70sad,sad,-19.0,-2.0
69,71sad,sad,-5.0,-1.0
70,72sad,sad,-12.0,-3.0
71,73sad,sad,-22.0,-1.0
72,74sad,sad,-34.0,-1.0
73,75sad,sad,4.0,-1.0
74,77sad,sad,-20.0,-2.0
75,78sad,sad,-10.0,-1.0
76,79sad,sad,-1.0,-1.0
77,80sad,sad,-8.0,-1.0
78,81sad,sad,-24.0,-1.0
79,82sad,sad,-25.0,-2.0
80,83sad,sad,-22.0,-2.0
81,84sad,sad,-23.0,-1.0
82,85sad,sad,18.0,-1.0
83,86sad,sad,-7.0,-1.0
84,87sad,sad,0.0,-1.0
85,88sad,sad,-18.0,-2.0
86,89sad,sad,0.0,0.0
87,90sad,sad,-8.0,-1.0
88,91sad,sad,-20.0,-1.0
89,92sad,sad,-45.0,-2.0
90,93sad,sad,-13.0,-1.0
91,94sad,sad,-9.0,-1.0
92,95sad,sad,-25.0,0.0
93,96sad,sad,0.0,-2.0
94,97sad,sad,12.0,-2.0
95,98sad,sad,-11.0,-1.0
96,99sad,sad,0.0,-3.0
97,100sad,sad,7.0,0.0
98,102sad,sad,3.0,-1.0
99,103sad,sad,-1.0,0.0
100,104sad,sad,-15.0,-2.0
101,105sad,sad,1.0,0.0
102,106sad,sad,-5.0,-1.0
103,107sad,sad,-12.0,-1.0
104,108sad,sad,-12.0,-2.0
105,109sad,sad,-17.0,0.0
106,110sad,sad,-13.0,-2.0
107,111sad,sad,-9.0,-3.0
108,112sad,sad,-14.0,-2.0
109,113sad,sad,-16.0,-2.0
110,114sad,sad,-27.0,-3.0
111,115sad,sad,-8.0,-3.0
112,116sad,sad,-18.0,-3.0
113,117sad,sad,5.0,-1.0
114,118sad,sad,-1.0,-1.0
115,119sad,sad,0.0,-2.0
116,120sad,sad,-8.0,-3.0
117,121sad,sad,-4.0,-1.0
118,122sad,sad,2.0,-2.0
119,123sad,sad,-10.0,-2.0
120,124sad,sad,-7.0,-1.0
121,125sad,sad,-3.0,-3.0
122,126sad,sad,1.0,-3.0
123,127sad,sad,-12.0,-3.0
124,128sad,sad,-24.0,-1.0
125,129sad,sad,23.0,-3.0
126,130sad,sad,-27.0,-2.0
127,131sad,sad,-5.0,0.0
128,132sad,sad,0.0,-3.0
129,133sad,sad,-42.0,-3.0
130,134sad,sad,-2.0,-1.0
131,135sad,sad,-19.0,-3.0
132,136sad,sad,-33.0,-3.0
133,137sad,sad,0.0,-1.0
134,138sad,sad,3.0,-1.0
135,139sad,sad,-37.0,-1.0
136,140sad,sad,-13.0,-2.0
137,141sad,sad,-31.0,-1.0
138,142sad,sad,-11.0,-1.0
139,143sad,sad,-27.0,-1.0
140,144sad,sad,4.0,-1.0
141,145sad,sad,-9.0,-1.0
142,146sad,sad,-8.0,-2.0
143,147sad,sad,3.0,-2.0
144,148sad,sad,-19.0,0.0
145,149sad,sad,4.0,0.0
146,150sad,sad,-17.0,-2.0
147,151sad,sad,-2.0,-2.0
148,152sad,sad,-8.0,-2.0
149,153sad,sad,-24.0,-2.0
150,154sad,sad,0.0,0.0
151,155sad,sad,-9.0,-1.0
152,156sad,sad,4.0,-2.0
153,157sad,sad,6.0,-2.0
154,158sad,sad,-7.0,-1.0
155,159sad,sad,-8.0,-1.0
156,160sad,sad,-5.0,-2.0
157,161sad,sad,-8.0,-2.0
158,162sad,sad,0.0,0.0
159,163sad,sad,-49.0,-1.0
160,164sad,sad,-4.0,-2.0
161,165sad,sad,-1.0,-1.0
162,166sad,sad,-133.0,-2.0
163,167sad,sad,2.0,-1.0
164,168sad,sad,-4.0,-2.0
165,169sad,sad,-28.0,-3.0
166,170sad,sad,-6.0,-1.0
167,172sad,sad,4.0,-2.0
168,173sad,sad,-46.0,-2.0
169,174sad,sad,-69.0,-2.0
170,175sad,sad,-6.0,-2.0
171,176sad,sad,-28.0,-1.0
172,177sad,sad,-15.0,-2.0
173,178sad,sad,-23.0,-1.0
174,179sad,sad,5.0,-1.0
175,180sad,sad,-14.0,-3.0
176,181sad,sad,-12.0,-2.0
177,182sad,sad,4.0,-1.0
178,183sad,sad,-18.0,-2.0
179,184sad,sad,-3.0,-1.0
180,185sad,sad,-18.0,-2.0
181,186sad,sad,-1.0,-2.0
182,187sad,sad,5.0,-2.0
183,188sad,sad,-34.0,-2.0
184,189sad,sad,-34.0,-2.0
185,190sad,sad,0.0,-2.0
186,191sad,sad,-51.0,-1.0
187,192sad,sad,-15.0,-1.0
188,193sad,sad,-6.0,-2.0
189,194sad,sad,0.0,-1.0
190,195sad,sad,1.0,-2.0
191,196sad,sad,2.0,-2.0
192,197sad,sad,1.0,-2.0
193,198sad,sad,-33.0,-2.0
194,199sad,sad,-9.0,-2.0
195,200sad,sad,12.0,-2.0
196,201sad,sad,-18.0,-1.0
197,202sad,sad,-10.0,-2.0
198,203sad,sad,-12.0,-2.0
199,204sad,sad,-5.0,-1.0
200,205sad,sad,11.0,-2.0
201,206sad,sad,-8.0,-2.0
202,207sad,sad,4.0,-2.0
203,208sad,sad,2.0,0.0
204,209sad,sad,-15.0,-1.0
205,210sad,sad,-28.0,-2.0
206,211sad,sad,-70.0,-2.0
207,212sad,sad,-8.0,-1.0
208,214sad,sad,-8.0,-2.0
209,215sad,sad,-17.0,-1.0
210,216sad,sad,-12.0,-3.0
211,217sad,sad,-2.0,-2.0
212,218sad,sad,-19.0,-2.0
213,219sad,sad,-46.0,-2.0
214,220sad,sad,-47.0,-2.0
215,221sad,sad,0.0,-1.0
216,222sad,sad,-15.0,-2.0
217,223sad,sad,3.0,-1.0
218,224sad,sad,-12.0,-1.0
219,225sad,sad,3.0,-1.0
220,226sad,sad,1.0,-1.0
221,227sad,sad,7.0,-1.0
222,228sad,sad,-20.0,-3.0
223,229sad,sad,7.0,-1.0
224,230sad,sad,6.0,-1.0
225,231sad,sad,-1.0,-1.0
226,232sad,sad,16.0,-1.0
227,233sad,sad,6.0,-1.0
228,234sad,sad,-1.0,-1.0
229,235sad,sad,-23.0,-1.0
230,236sad,sad,1.0,-2.0
231,237sad,sad,-27.0,-2.0
232,238sad,sad,-7.0,-2.0
233,239sad,sad,-1.0,0.0
234,240sad,sad,-36.0,-2.0
235,241sad,sad,-4.0,-2.0
236,242sad,sad,-5.0,-3.0
237,243sad,sad,-46.0,-2.0
238,244sad,sad,-17.0,-2.0
239,245sad,sad,-20.0,-1.0
240,246sad,sad,0.0,-1.0
241,247sad,sad,-18.0,0.0
242,248sad,sad,7.0,-3.0
243,249sad,sad,-8.0,-2.0
244,250sad,sad,-59.0,-3.0
245,251sad,sad,35.0,-1.0
246,252sad,sad,28.0,-1.0
247,253sad,sad,-22.0,-2.0
248,254sad,sad,-18.0,-1.0
249,255sad,sad,-17.0,-1.0
250,256sad,sad,3.0,-3.0
251,257sad,sad,-3.0,0.0
252,258sad,sad,-2.0,-1.0
253,259sad,sad,-2.0,-2.0
254,260sad,sad,5.0,-2.0
255,261sad,sad,-1.0,-2.0
256,262sad,sad,-17.0,-2.0
257,263sad,sad,-34.0,-2.0
258,264sad,sad,-3.0,-2.0
259,265sad,sad,-1.0,-1.0
260,266sad,sad,4.0,-2.0
261,267sad,sad,1.0,-3.0
262,268sad,sad,-16.0,-2.0
263,269sad,sad,0.0,-2.0
264,270sad,sad,-47.0,-2.0
265,271sad,sad,6.0,-2.0
266,272sad,sad,-1.0,-1.0
267,273sad,sad,16.0,0.0
268,274sad,sad,-8.0,-2.0
269,275sad,sad,-28.0,-1.0
270,0happy,happy,14.0,0.0
271,1happy,happy,1.0,1.0
272,2happy,happy,1.0,1.0
273,3happy,happy,-4.0,1.0
274,4happy,happy,4.0,1.0
275,5happy,happy,2.0,1.0
276,6happy,happy,-4.0,1.0
277,7happy,happy,6.0,1.0
278,8happy,happy,-5.0,1.0
279,9happy,happy,3.0,1.0
280,10happy,happy,-3.0,1.0
281,11happy,happy,11.0,1.0
282,12happy,happy,-2.0,1.0
283,13happy,happy,-6.0,1.0
284,14happy,happy,11.0,1.0
285,15happy,happy,9.0,1.0
286,16happy,happy,9.0,1.0
287,17happy,happy,23.0,1.0
288,18happy,happy,20.0,1.0
289,19happy,happy,7.0,1.0
290,20happy,happy,11.0,1.0
291,21happy,happy,9.0,1.0
292,22happy,happy,5.0,1.0
293,23happy,happy,4.0,1.0
294,24happy,happy,0.0,1.0
295,25happy,happy,10.0,1.0
296,26happy,happy,3.0,1.0
297,27happy,happy,1.0,1.0
298,28happy,happy,4.0,1.0
299,29happy,happy,8.0,1.0
300,30happy,happy,45.0,1.0
301,31happy,happy,7.0,0.0
302,32happy,happy,12.0,1.0
303,33happy,happy,0.0,1.0
304,34happy,happy,11.0,1.0
305,35happy,happy,7.0,1.0
306,36happy,happy,13.0,1.0
307,37happy,happy,1.0,0.0
308,38happy,happy,88.0,0.0
309,39happy,happy,22.0,1.0
310,40happy,happy,0.0,1.0
311,41happy,happy,14.0,1.0
312,42happy,happy,0.0,1.0
313,43happy,happy,7.0,1.0
314,44happy,happy,21.0,1.0
315,45happy,happy,3.0,1.0
316,46happy,happy,-12.0,1.0
317,47happy,happy,14.0,1.0
318,48happy,happy,12.0,1.0
319,49happy,happy,5.0,1.0
320,50happy,happy,34.0,1.0
321,51happy,happy,-10.0,1.0
322,52happy,happy,7.0,1.0
323,53happy,happy,5.0,1.0
324,54happy,happy,9.0,1.0
325,55happy,happy,9.0,1.0
326,56happy,happy,16.0,1.0
327,57happy,happy,5.0,1.0
328,58happy,happy,3.0,1.0
329,59happy,happy,3.0,0.0
330,60happy,happy,11.0,1.0
331,61happy,happy,-1.0,1.0
332,62happy,happy,2.0,1.0
333,63happy,happy,21.0,1.0
334,64happy,happy,16.0,1.0
335,65happy,happy,13.0,1.0
336,66happy,happy,17.0,1.0
337,67happy,happy,-4.0,0.0
338,68happy,happy,8.0,1.0
339,69happy,happy,4.0,1.0
340,70happy,happy,6.0,1.0
341,71happy,happy,31.0,1.0
342,72happy,happy,-16.0,1.0
343,73happy,happy,-16.0,0.0
344,74happy,happy,14.0,1.0
345,75happy,happy,7.0,1.0
346,76happy,happy,17.0,1.0
347,77happy,happy,8.0,1.0
348,78happy,happy,4.0,1.0
349,79happy,happy,38.0,1.0
350,80happy,happy,-13.0,1.0
351,81happy,happy,0.0,1.0
352,82happy,happy,5.0,1.0
353,83happy,happy,14.0,1.0
354,84happy,happy,-4.0,1.0
355,85happy,happy,26.0,1.0
356,86happy,happy,13.0,1.0
357,87happy,happy,29.0,1.0
358,88happy,happy,11.0,1.0
359,89happy,happy,24.0,1.0
360,90happy,happy,0.0,1.0
361,91happy,happy,13.0,1.0
362,92happy,happy,-1.0,1.0
363,93happy,happy,-37.0,1.0
364,94happy,happy,8.0,1.0
365,95happy,happy,29.0,1.0
366,96happy,happy,36.0,1.0
367,97happy,happy,24.0,1.0
368,98happy,happy,-1.0,1.0
369,99happy,happy,22.0,1.0
370,100happy,happy,1.0,1.0
371,101happy,happy,15.0,1.0
372,102happy,happy,-10.0,1.0
373,103happy,happy,-7.0,1.0
374,104happy,happy,21.0,1.0
375,105happy,happy,24.0,1.0
376,106happy,happy,43.0,1.0
377,107happy,happy,10.0,1.0
378,109happy,happy,2.0,1.0
379,110happy,happy,1.0,1.0
380,111happy,happy,7.0,1.0
381,112happy,happy,13.0,1.0
382,113happy,happy,-3.0,1.0
383,114happy,happy,2.0,1.0
384,115happy,happy,5.0,1.0
385,116happy,happy,4.0,1.0
386,117happy,happy,26.0,1.0
387,118happy,happy,12.0,1.0
388,119happy,happy,-2.0,1.0
389,120happy,happy,-2.0,1.0
390,121happy,happy,7.0,1.0
391,122happy,happy,3.0,1.0
392,123happy,happy,1.0,1.0
393,124happy,happy,-12.0,1.0
394,125happy,happy,5.0,1.0
395,126happy,happy,-1.0,1.0
396,127happy,happy,3.0,1.0
397,128happy,happy,52.0,1.0
398,129happy,happy,-1.0,1.0
399,130happy,happy,7.0,1.0
400,131happy,happy,19.0,1.0
401,132happy,happy,8.0,1.0
402,133happy,happy,12.0,1.0
403,134happy,happy,18.0,1.0
404,135happy,happy,-6.0,1.0
405,136happy,happy,14.0,1.0
406,137happy,happy,10.0,1.0
407,138happy,happy,8.0,1.0
408,139happy,happy,3.0,1.0
409,140happy,happy,33.0,1.0
410,141happy,happy,5.0,1.0
411,142happy,happy,4.0,1.0
412,143happy,happy,6.0,1.0
413,144happy,happy,15.0,1.0
414,145happy,happy,0.0,1.0
415,146happy,happy,14.0,1.0
416,147happy,happy,7.0,1.0
417,148happy,happy,10.0,1.0
418,149happy,happy,1.0,1.0
419,150happy,happy,8.0,1.0
420,151happy,happy,-21.0,0.0
421,152happy,happy,28.0,0.0
422,153happy,happy,-22.0,0.0
423,154happy,happy,14.0,1.0
424,155happy,happy,11.0,1.0
425,156happy,happy,7.0,1.0
426,157happy,happy,0.0,1.0
427,158happy,happy,0.0,1.0
428,159happy,happy,4.0,1.0
429,160happy,happy,28.0,1.0
430,161happy,happy,16.0,1.0
431,162happy,happy,3.0,1.0
432,163happy,happy,1.0,1.0
433,164happy,happy,42.0,1.0
434,165happy,happy,48.0,1.0
435,166happy,happy,-4.0,1.0
436,167happy,happy,4.0,1.0
437,168happy,happy,13.0,1.0
438,169happy,happy,2.0,1.0
439,170happy,happy,-12.0,1.0
440,171happy,happy,-3.0,1.0
441,172happy,happy,12.0,1.0
442,173happy,happy,4.0,1.0
443,174happy,happy,17.0,1.0
444,175happy,happy,16.0,1.0
445,176happy,happy,-1.0,1.0
446,177happy,happy,15.0,1.0
447,178happy,happy,-5.0,1.0
448,179happy,happy,4.0,1.0
449,180happy,happy,52.0,1.0
450,181happy,happy,6.0,1.0
451,182happy,happy,11.0,1.0
452,183happy,happy,25.0,1.0
453,184happy,happy,7.0,1.0
454,185happy,happy,14.0,1.0
455,186happy,happy,28.0,1.0
456,187happy,happy,0.0,1.0
457,188happy,happy,14.0,1.0
458,189happy,happy,2.0,1.0
459,190happy,happy,1.0,1.0
460,191happy,happy,17.0,1.0
461,192happy,happy,-2.0,1.0
462,193happy,happy,61.0,1.0
463,194happy,happy,7.0,1.0
464,195happy,happy,49.0,1.0
465,196happy,happy,13.0,1.0
466,197happy,happy,34.0,1.0
467,198happy,happy,3.0,1.0
468,199happy,happy,5.0,1.0
469,200happy,happy,10.0,1.0
470,201happy,happy,3.0,1.0
471,202happy,happy,3.0,1.0
472,203happy,happy,8.0,1.0
473,204happy,happy,5.0,1.0
474,205happy,happy,22.0,1.0
475,206happy,happy,7.0,1.0
476,207happy,happy,6.0,1.0
477,208happy,happy,7.0,1.0
478,209happy,happy,32.0,1.0
479,210happy,happy,13.0,1.0
480,211happy,happy,8.0,0.0
481,212happy,happy,14.0,1.0
482,213happy,happy,8.0,1.0
483,214happy,happy,2.0,1.0
484,215happy,happy,9.0,1.0
485,216happy,happy,-21.0,1.0
486,217happy,happy,12.0,1.0
487,218happy,happy,-27.0,0.0
488,219happy,happy,23.0,1.0
489,220happy,happy,-2.0,1.0
490,221happy,happy,-1.0,1.0
491,222happy,happy,13.0,1.0
492,223happy,happy,0.0,1.0
493,224happy,happy,15.0,1.0
494,225happy,happy,3.0,1.0
495,226happy,happy,-27.0,0.0
496,227happy,happy,2.0,1.0
497,228happy,happy,15.0,1.0
498,229happy,happy,66.0,1.0
499,230happy,happy,6.0,1.0
500,231happy,happy,46.0,1.0
501,232happy,happy,8.0,1.0
502,233happy,happy,20.0,0.0
503,234happy,happy,36.0,1.0
504,235happy,happy,14.0,0.0
505,236happy,happy,24.0,1.0
506,237happy,happy,38.0,1.0
507,238happy,happy,37.0,1.0
508,239happy,happy,7.0,1.0
509,240happy,happy,10.0,1.0
510,241happy,happy,-2.0,0.0
511,242happy,happy,-11.0,0.0
512,243happy,happy,51.0,1.0
513,244happy,happy,41.0,1.0
514,245happy,happy,17.0,1.0
515,246happy,happy,0.0,1.0
516,247happy,happy,7.0,0.0
517,248happy,happy,13.0,1.0
518,249happy,happy,14.0,1.0
519,250happy,happy,-10.0,0.0
520,251happy,happy,12.0,1.0
521,252happy,happy,-13.0,0.0
522,253happy,happy,15.0,1.0
523,254happy,happy,3.0,0.0
524,255happy,happy,4.0,1.0
525,256happy,happy,23.0,1.0
526,257happy,happy,6.0,1.0
527,258happy,happy,6.0,1.0
528,259happy,happy,3.0,1.0
529,260happy,happy,5.0,1.0
530,261happy,happy,25.0,1.0
531,262happy,happy,7.0,1.0
532,263happy,happy,12.0,1.0
533,264happy,happy,-5.0,0.0
534,265happy,happy,22.0,1.0
535,266happy,happy,11.0,1.0
536,267happy,happy,6.0,1.0
537,268happy,happy,6.0,0.0
538,269happy,happy,17.0,1.0
539,270happy,happy,12.0,1.0
540,271happy,happy,3.0,1.0
541,272happy,happy,3.0,1.0
542,273happy,happy,3.0,1.0
543,274happy,happy,5.0,0.0
544,275happy,happy,-10.0,0.0
